{
  "src": [
    "audio.ogg",
    "audio.mp3"
  ],
  "sprite": {
    "barkDucks": [
      0,
      2220.7256235827667
    ],
    "champ": [
      4000,
      8039.999999999999
    ],
    "gunSound": [
      14000,
      2407.641723356008
    ],
    "laugh": [
      18000,
      3239.1836734693875
    ],
    "loserSound": [
      23000,
      1880.8163265306134
    ],
    "ohYeah": [
      26000,
      1920.0000000000018
    ],
    "quack": [
      29000,
      586.0770975056688
    ],
    "quacking": [
      31000,
      12671.632653061224,
      true
    ],
    "quak": [
      45000,
      783.6734693877575
    ],
    "sniff": [
      47000,
      1985.306122448982,
      true
    ],
    "thud": [
      50000,
      528.0045351473888
    ]
  }
}